Unnamed: 0,id,member_id,loan_amnt,funded_amnt,funded_amnt_inv,term,int_rate,installment,grade,sub_grade,emp_title,emp_length,home_ownership,annual_inc,verification_status,issue_d,loan_status,pymnt_plan,url,desc,purpose,title,zip_code,addr_state,dti,delinq_2yrs,earliest_cr_line,inq_last_6mths,mths_since_last_delinq,mths_since_last_record,open_acc,pub_rec,revol_bal,revol_util,total_acc,initial_list_status,out_prncp,out_prncp_inv,total_pymnt,total_pymnt_inv,total_rec_prncp,total_rec_int,total_rec_late_fee,recoveries,collection_recovery_fee,last_pymnt_d,last_pymnt_amnt,next_pymnt_d,last_credit_pull_d,collections_12_mths_ex_med,mths_since_last_major_derog,policy_code,application_type,annual_inc_joint,dti_joint,verification_status_joint,acc_now_delinq,tot_coll_amt,tot_cur_bal,open_acc_6m,open_il_6m,open_il_12m,open_il_24m,mths_since_rcnt_il,total_bal_il,il_util,open_rv_12m,open_rv_24m,max_bal_bc,all_util,total_rev_hi_lim,inq_fi,total_cu_tl,inq_last_12m,target
355425,20298448,22561206,11000,11000,11000.0, 60 months,14.49,258.76,C,C4,Relay Technician,< 1 year,RENT,100000.0,Source Verified,Jul-14,Fully Paid,n,https://www.lendingclub.com/browse/loanDetail.action?loan_id=20298448,,debt_consolidation,Debt consolidation,032xx,NH,9.73,0.0,Dec-02,0.0,81.0,,11.0,0.0,8049,62.4,27.0,w,0.0,0.0,11978.82,11978.82,11000.0,978.82,0.0,0.0,0.0,Mar-15,4967.5,,Mar-15,0.0,,1,INDIVIDUAL,,,,0.0,0.0,28942.0,,,,,,,,,,,,13100.0,,,,0
189230,1687012,1969306,2000,2000,2000.0, 36 months,13.11,67.5,B,B4,Associated Heating Group,6 years,RENT,36000.0,Source Verified,Nov-12,Fully Paid,n,https://www.lendingclub.com/browse/loanDetail.action?loan_id=1687012,,major_purchase,Paying my brother back,601xx,IL,29.57,0.0,Sep-88,1.0,75.0,,9.0,0.0,13699,78.3,13.0,f,0.0,0.0,2429.733526,2429.73,2000.0,429.73,0.0,0.0,0.0,Nov-15,67.23,,Jan-15,0.0,75.0,1,INDIVIDUAL,,,,0.0,0.0,35438.0,,,,,,,,,,,,17500.0,,,,0
15369,610893,783413,30000,30000,29725.0, 60 months,22.48,836.78,G,G2,wells fargo,3 years,MORTGAGE,64000.0,Verified,May-11,Fully Paid,n,https://www.lendingclub.com/browse/loanDetail.action?loan_id=610893,  Borrower added on 05/09/11 > loan will be used to consolidate credit card debt and a small portion will be used to to purchase new equipment for side business<br/>,debt_consolidation,credit card payoff,303xx,GA,17.36,0.0,Dec-96,0.0,72.0,,5.0,0.0,26469,99.9,18.0,f,0.0,0.0,41888.31,41504.13,29999.99,11888.32,0.0,0.0,0.0,Jun-13,4070.17,,Jan-16,0.0,,1,INDIVIDUAL,,,,0.0,,,,,,,,,,,,,,,,,,0
247320,35116322,37797697,12000,12000,12000.0, 36 months,12.39,400.82,C,C1,EHS Engineer,4 years,MORTGAGE,72000.0,Not Verified,Nov-14,Fully Paid,n,https://www.lendingclub.com/browse/loanDetail.action?loan_id=35116322,,credit_card,Credit card refinancing,301xx,GA,33.38,0.0,Nov-93,0.0,24.0,109.0,19.0,1.0,12528,70.0,48.0,f,0.0,0.0,12303.64,12303.64,12000.0,303.64,0.0,0.0,0.0,Jan-15,11911.08,,Jan-16,0.0,51.0,1,INDIVIDUAL,,,,0.0,0.0,281666.0,,,,,,,,,,,,17900.0,,,,0
232815,37770294,40533024,12000,12000,12000.0, 36 months,13.66,408.16,C,C3,Personnel Analyst 3,5 years,MORTGAGE,60000.0,Not Verified,Dec-14,Fully Paid,n,https://www.lendingclub.com/browse/loanDetail.action?loan_id=37770294,,debt_consolidation,Debt consolidation,191xx,PA,11.02,4.0,Mar-05,0.0,23.0,,12.0,0.0,10658,48.0,23.0,f,0.0,0.0,13123.92,13123.92,12000.0,1123.92,0.0,0.0,0.0,Sep-15,9867.75,,Sep-15,0.0,32.0,1,INDIVIDUAL,,,,0.0,0.0,154774.0,,,,,,,,,,,,22200.0,,,,0
229471,1093224,1330775,5000,5000,5000.0, 36 months,16.29,176.51,D,D1,Northrop Grumman,10+ years,OWN,92000.0,Verified,Jan-12,Charged Off,n,https://www.lendingclub.com/browse/loanDetail.action?loan_id=1093224,"  Borrower added on 01/04/12 > This loan is to consolidate 2 credit card loans that I used to pay off veterinarian bills.  Unfortunately, I am past the introductory rate and the payments increased.<br>",debt_consolidation,Debt Consolidation,207xx,MD,23.65,0.0,Oct-95,3.0,,,7.0,0.0,63429,98.6,15.0,f,0.0,0.0,1813.73,1813.73,1030.65,555.06,0.0,228.02,2.13,Oct-12,176.51,,Mar-13,0.0,,1,INDIVIDUAL,,,,0.0,,,,,,,,,,,,,,,,,,1
205098,1450223,1703028,10000,10000,10000.0, 36 months,6.62,307.04,A,A2,Hirata North America,2 years,MORTGAGE,125000.0,Not Verified,Aug-12,Fully Paid,n,https://www.lendingclub.com/browse/loanDetail.action?loan_id=1450223,  Borrower added on 07/31/12 > Appliances for a kitchen refurbishment<br>,home_improvement,Home Improvements,483xx,MI,11.36,0.0,May-99,0.0,,,5.0,0.0,13956,41.4,35.0,f,0.0,0.0,11007.27726,11007.28,10000.0,1007.28,0.0,0.0,0.0,Jan-15,2416.82,,Jan-16,0.0,,1,INDIVIDUAL,,,,0.0,,,,,,,,,,,,,,,,,,0
155001,3806483,4850163,10000,10000,10000.0, 36 months,6.03,304.36,A,A1,University of Houston,10+ years,MORTGAGE,72000.0,Source Verified,Mar-13,Fully Paid,n,https://www.lendingclub.com/browse/loanDetail.action?loan_id=3806483,,major_purchase,AC Replacement,770xx,TX,19.05,0.0,Mar-95,0.0,,,10.0,0.0,12828,17.7,17.0,w,0.0,0.0,10935.37,10935.37,10000.0,935.37,0.0,0.0,0.0,Nov-15,1804.57,,Jan-16,0.0,,1,INDIVIDUAL,,,,0.0,0.0,144905.0,,,,,,,,,,,,72600.0,,,,0
25196,589815,757647,7200,7200,6933.829304999999, 60 months,11.86,159.66,B,B5,,,MORTGAGE,49000.0,Not Verified,Sep-10,Fully Paid,n,https://www.lendingclub.com/browse/loanDetail.action?loan_id=589815,  Borrower added on 09/29/10 > I need to do some home improvements and use the rest to purchase gifts for my grandchildren - Christmas is just around the corner<br/>,other,Personal Loan,950xx,CA,0.0,0.0,Nov-77,0.0,,,2.0,0.0,0,0.0,19.0,f,0.0,0.0,8548.25,8098.15,7199.99,1348.26,0.0,0.0,0.0,Aug-12,5199.18,,Sep-12,0.0,,1,INDIVIDUAL,,,,0.0,,,,,,,,,,,,,,,,,,0
82288,7668384,9350360,4800,4800,4800.0, 36 months,19.2,176.44,D,D3,wholesale rep,10+ years,OWN,45000.0,Source Verified,Oct-13,Fully Paid,n,https://www.lendingclub.com/browse/loanDetail.action?loan_id=7668384,,debt_consolidation,consolidate,371xx,TN,22.15,3.0,Jan-99,2.0,7.0,,11.0,0.0,2629,14.8,39.0,f,0.0,0.0,5492.792765,5492.79,4800.0,692.79,0.0,0.0,0.0,Aug-14,3905.59,,Jan-16,0.0,,1,INDIVIDUAL,,,,0.0,0.0,11089.0,,,,,,,,,,,,17800.0,,,,0
394636,15551234,17643623,24000,24000,24000.0, 60 months,15.61,578.68,C,C5,Store  manager,5 years,RENT,90000.0,Source Verified,May-14,Fully Paid,n,https://www.lendingclub.com/browse/loanDetail.action?loan_id=15551234,,debt_consolidation,Debt consolidation,331xx,FL,14.97,1.0,Oct-02,0.0,16.0,,9.0,0.0,14268,77.5,24.0,w,0.0,0.0,25525.88152,25525.88,24000.0,1525.88,0.0,0.0,0.0,Oct-14,23211.16,,Jan-16,0.0,31.0,1,INDIVIDUAL,,,,0.0,753.0,22471.0,,,,,,,,,,,,18400.0,,,,0
201637,1483660,1742234,9000,9000,9000.0, 36 months,14.33,309.05,C,C1,Bakers Express,5 years,MORTGAGE,65000.0,Not Verified,Sep-12,Fully Paid,n,https://www.lendingclub.com/browse/loanDetail.action?loan_id=1483660,  Borrower added on 08/18/12 > Debt consolidation<br>,debt_consolidation,Debt consolidation,070xx,NJ,12.65,0.0,Mar-07,1.0,,,8.0,0.0,10419,52.6,11.0,f,0.0,0.0,10924.98538,10924.99,9000.0,1924.99,0.0,0.0,0.0,Nov-14,3223.22,,Nov-14,0.0,,1,INDIVIDUAL,,,,0.0,0.0,234871.0,,,,,,,,,,,,19800.0,,,,0
384196,16302398,1852189,31500,31500,31500.0, 36 months,12.49,1053.64,B,B5,Project Manager,2 years,RENT,92000.0,Source Verified,May-14,Fully Paid,n,https://www.lendingclub.com/browse/loanDetail.action?loan_id=16302398,,credit_card,Credit card refinancing,410xx,KY,28.82,0.0,Dec-79,0.0,,,19.0,0.0,54937,66.1,33.0,w,0.0,0.0,36274.56,36274.56,31500.0,4774.56,0.0,0.0,0.0,Nov-15,18362.68,,Dec-15,0.0,,1,INDIVIDUAL,,,,0.0,0.0,77517.0,,,,,,,,,,,,83100.0,,,,0
301389,26699641,29182680,6400,6400,6400.0, 36 months,7.69,199.64,A,A4,Clerk,< 1 year,OWN,28500.0,Not Verified,Oct-14,Fully Paid,n,https://www.lendingclub.com/browse/loanDetail.action?loan_id=26699641,,credit_card,Credit card refinancing,151xx,PA,5.56,3.0,Jun-02,0.0,7.0,,5.0,0.0,866,29.9,34.0,f,0.0,0.0,6693.65,6693.65,6400.0,293.65,0.0,0.0,0.0,May-15,5495.81,,Jan-16,0.0,,1,INDIVIDUAL,,,,0.0,0.0,53933.0,,,,,,,,,,,,2900.0,,,,0
6465,968522,1189506,14000,14000,14000.0, 36 months,6.03,426.1,A,A1,Maquet,10+ years,RENT,75000.0,Source Verified,Oct-11,Fully Paid,n,https://www.lendingclub.com/browse/loanDetail.action?loan_id=968522,"  Borrower added on 09/27/11 > This loan is to pay a high interest loan I currently have.<br/> Borrower added on 09/28/11 > I currently have a loan with Discover Bank for the amount of $13845. If I can get this loan, I will use it to pay off that other loan, which will help me save a lot of money on interest plus I will be paying it off much quicker.<br/>null",debt_consolidation,Debt Consolidation Loan,076xx,NJ,12.13,0.0,Jul-99,0.0,,,21.0,0.0,3024,11.5,43.0,f,0.0,0.0,15339.11422,15339.11,14000.0,1339.11,0.0,0.0,0.0,Oct-14,429.25,,Jan-16,0.0,,1,INDIVIDUAL,,,,0.0,,,,,,,,,,,,,,,,,,0
445466,10546761,12428800,18900,18900,18875.0, 36 months,12.85,635.46,B,B4,Med Billing/Pharmacy Tech/Adjudicator,2 years,MORTGAGE,42000.0,Verified,Feb-14,Fully Paid,n,https://www.lendingclub.com/browse/loanDetail.action?loan_id=10546761,"  Borrower added on 02/10/14 > Paying off high interest rate credit cards, so I can finally kick them to the curb!  If there is extra left over, I've been wanting to remodel my family room &amp; 1/2 bath. Home is from the 60's &amp; I've been working my way through the home, to get it updated.<br>",credit_card,Credit card refinancing,600xx,IL,33.43,1.0,Jul-74,1.0,18.0,,20.0,0.0,18310,29.4,30.0,f,0.0,0.0,21650.43,21621.79,18900.0,2750.43,0.0,0.0,0.0,Jul-15,22.5,,Jul-15,0.0,,1,INDIVIDUAL,,,,0.0,0.0,18310.0,,,,,,,,,,,,62300.0,,,,0
56820,9004692,10796835,3250,3250,3250.0, 36 months,13.67,110.56,B,B5,MET team,3 years,OWN,30680.0,Verified,Dec-13,Fully Paid,n,https://www.lendingclub.com/browse/loanDetail.action?loan_id=9004692,,credit_card,Debts payoff,432xx,OH,25.9,0.0,Aug-94,0.0,69.0,60.0,10.0,2.0,893,17.2,38.0,f,0.0,0.0,3739.27,3739.27,3249.99,489.28,0.0,0.0,0.0,Apr-15,2080.89,,Jan-16,0.0,73.0,1,INDIVIDUAL,,,,0.0,0.0,25812.0,,,,,,,,,,,,5200.0,,,,0
78119,7710852,9412289,5175,5175,5175.0, 36 months,15.1,179.65,C,C2,General Manager,10+ years,MORTGAGE,40000.0,Verified,Oct-13,Fully Paid,n,https://www.lendingclub.com/browse/loanDetail.action?loan_id=7710852,,debt_consolidation,Payoff Cards,346xx,FL,8.31,1.0,Jul-99,1.0,10.0,,5.0,0.0,8916,69.1,9.0,f,0.0,0.0,5654.495064,5654.5,5175.0,479.5,0.0,0.0,0.0,Jun-14,4397.15,,Jan-16,0.0,,1,INDIVIDUAL,,,,0.0,0.0,102001.0,,,,,,,,,,,,12900.0,,,,0
112466,6310270,7841568,4800,4800,4800.0, 36 months,18.25,174.14,D,D2,Alpha healthcare,< 1 year,RENT,30000.0,Verified,Jul-13,Charged Off,n,https://www.lendingclub.com/browse/loanDetail.action?loan_id=6310270,,small_business,Business,850xx,AZ,18.68,0.0,May-09,1.0,,,9.0,0.0,2418,34.1,13.0,f,0.0,0.0,2106.35,2106.35,962.71,599.21,0.0,544.43,5.444300003,May-14,174.14,,Sep-14,0.0,,1,INDIVIDUAL,,,,0.0,0.0,29884.0,,,,,,,,,,,,7100.0,,,,1
180927,2300249,2732763,14000,14000,14000.0, 36 months,17.27,501.03,C,C5,State of Illinois,10+ years,RENT,86000.0,Verified,Dec-12,Fully Paid,n,https://www.lendingclub.com/browse/loanDetail.action?loan_id=2300249,  Borrower added on 12/04/12 > Loan is to pay off current bills with higher interest rates.<br>,credit_card,Credit card refinancing,606xx,IL,26.62,1.0,Jun-78,2.0,18.0,,10.0,0.0,7892,51.9,20.0,f,0.0,0.0,17862.38195,17862.38,14000.0,3862.38,0.0,0.0,0.0,May-15,3851.88,,May-15,0.0,82.0,1,INDIVIDUAL,,,,0.0,265.0,63978.0,,,,,,,,,,,,15200.0,,,,0
436909,12435669,14447815,12500,12500,12500.0, 36 months,12.99,421.12,B,B5,Special Investigator,7 years,RENT,80500.0,Source Verified,Feb-14,Fully Paid,n,https://www.lendingclub.com/browse/loanDetail.action?loan_id=12435669,  Borrower added on 02/25/14 > Consolidate debt with a lower monthly payment/interest rate<br>,debt_consolidation,Debt consolidation,190xx,PA,16.23,0.0,Aug-98,1.0,26.0,,18.0,0.0,6282,63.5,42.0,f,0.0,0.0,14596.19,14596.19,12500.0,2096.19,0.0,0.0,0.0,Nov-15,6594.91,,Jan-16,0.0,26.0,1,INDIVIDUAL,,,,0.0,80.0,58446.0,,,,,,,,,,,,9900.0,,,,0
55062,9196410,11058461,12000,12000,12000.0, 36 months,8.9,381.04,A,A5,sales,3 years,RENT,60000.0,Source Verified,Dec-13,Fully Paid,n,https://www.lendingclub.com/browse/loanDetail.action?loan_id=9196410,,debt_consolidation,My credit cards,902xx,CA,12.99,0.0,Sep-96,0.0,,104.0,7.0,1.0,14041,51.4,10.0,f,0.0,0.0,12721.36777,12721.37,12000.0,721.37,0.0,0.0,0.0,Sep-14,9674.33,,Nov-15,0.0,,1,INDIVIDUAL,,,,0.0,0.0,21912.0,,,,,,,,,,,,27300.0,,,,0
419555,13197554,15229742,3000,3000,3000.0, 36 months,18.92,109.85,D,D4,purchasing,7 years,MORTGAGE,45000.0,Not Verified,Mar-14,Fully Paid,n,https://www.lendingclub.com/browse/loanDetail.action?loan_id=13197554,,home_improvement,Home improvement,553xx,MN,12.29,0.0,Jul-02,2.0,,,11.0,0.0,14454,70.2,19.0,w,0.0,0.0,3545.52,3545.52,3000.0,545.52,0.0,0.0,0.0,Apr-15,2227.32,,May-15,0.0,,1,INDIVIDUAL,,,,0.0,0.0,170386.0,,,,,,,,,,,,20600.0,,,,0
120733,5977680,7450111,10800,10800,10800.0, 36 months,19.52,398.74,D,D4,Marriott,1 year,MORTGAGE,65000.0,Verified,Jul-13,Fully Paid,n,https://www.lendingclub.com/browse/loanDetail.action?loan_id=5977680,,credit_card,Consolidation,750xx,TX,15.77,0.0,Jan-03,6.0,,,10.0,0.0,14961,51.3,22.0,f,0.0,0.0,12385.33655,12385.34,10800.0,1585.34,0.0,0.0,0.0,May-14,8798.85,,Sep-15,0.0,,1,INDIVIDUAL,,,,0.0,108.0,28418.0,,,,,,,,,,,,30800.0,,,,0
10101,838669,1048780,12500,12500,12500.0, 36 months,10.59,406.82,B,B2,Holland Motor Freight,10+ years,RENT,60000.0,Verified,Aug-11,Fully Paid,n,https://www.lendingclub.com/browse/loanDetail.action?loan_id=838669,,debt_consolidation,I Want To Be Free Of Debt,606xx,IL,24.6,0.0,Oct-97,2.0,,,13.0,0.0,14423,39.7,28.0,f,0.0,0.0,14280.97,14280.97,12500.0,1780.97,0.0,0.0,0.0,Jun-13,5767.5,,Jan-16,0.0,,1,INDIVIDUAL,,,,0.0,,,,,,,,,,,,,,,,,,0
232460,37630533,40393285,8000,8000,8000.0, 36 months,9.49,256.23,B,B2,Teacher Assistant,7 years,OWN,27000.0,Source Verified,Dec-14,Fully Paid,n,https://www.lendingclub.com/browse/loanDetail.action?loan_id=37630533,,other,Other,640xx,MO,9.22,0.0,Jun-94,0.0,,28.0,15.0,1.0,3675,4.9,22.0,f,0.0,0.0,8128.61,8128.61,8000.0,128.61,0.0,0.0,0.0,Feb-15,7880.82,,Jun-15,0.0,,1,INDIVIDUAL,,,,0.0,0.0,3675.0,,,,,,,,,,,,75700.0,,,,0
264191,33141137,35784426,6000,6000,6000.0, 36 months,13.35,203.18,C,C2,EMT,5 years,MORTGAGE,40000.0,Source Verified,Oct-14,Fully Paid,n,https://www.lendingclub.com/browse/loanDetail.action?loan_id=33141137,,debt_consolidation,Debt consolidation,370xx,TN,18.51,1.0,Jun-97,0.0,7.0,,8.0,0.0,2503,83.4,25.0,w,0.0,0.0,6628.86,6628.86,6000.0,628.86,0.0,0.0,0.0,Oct-15,40.63,,Sep-15,0.0,35.0,1,INDIVIDUAL,,,,0.0,0.0,171045.0,,,,,,,,,,,,3000.0,,,,0
125216,5779998,5485133,18000,18000,18000.0, 60 months,15.8,435.82,C,C3,"Loudin Insurance Agency, Inc.",3 years,RENT,70000.0,Verified,Jul-13,Fully Paid,n,https://www.lendingclub.com/browse/loanDetail.action?loan_id=5779998,  Borrower added on 06/13/13 > Debt Consolidation<br>,debt_consolidation,Debt Consolidation,262xx,WV,3.38,0.0,Nov-90,0.0,31.0,,5.0,0.0,4104,43.2,23.0,f,0.0,0.0,21907.9869,21907.99,18000.0,3907.99,0.0,0.0,0.0,Jan-15,14502.27,,Jan-15,0.0,31.0,1,INDIVIDUAL,,,,0.0,122.0,4104.0,,,,,,,,,,,,9500.0,,,,0
48626,9876115,11728090,6600,6600,6600.0, 36 months,16.24,232.82,C,C5,Accounts Payable Manager,5 years,RENT,32000.0,Source Verified,Dec-13,Fully Paid,n,https://www.lendingclub.com/browse/loanDetail.action?loan_id=9876115,  Borrower added on 12/13/13 > I've needed to consolidate high interest rates on my cards into one monthly payment. Hopefully this will work out to get me on the right track.<br>,debt_consolidation,Consolidation,716xx,AR,34.55,1.0,Nov-97,0.0,13.0,,14.0,0.0,2495,67.4,32.0,w,0.0,0.0,7183.524873,7183.52,6600.0,583.52,0.0,0.0,0.0,Jul-14,5786.6,,Nov-15,0.0,37.0,1,INDIVIDUAL,,,,0.0,0.0,40175.0,,,,,,,,,,,,3700.0,,,,0
155957,3701039,4674082,5400,5400,5400.0, 36 months,15.8,189.32,C,C3,State of Oklahoma ,10+ years,OWN,52000.0,Source Verified,Mar-13,Fully Paid,n,https://www.lendingclub.com/browse/loanDetail.action?loan_id=3701039,,credit_card,Credit Card Consolidation,731xx,OK,16.73,0.0,Oct-02,2.0,63.0,,12.0,0.0,10397,42.1,30.0,w,0.0,0.0,5540.65,5540.65,5400.0,140.65,0.0,0.0,0.0,May-13,5351.33,,Sep-15,0.0,63.0,1,INDIVIDUAL,,,,0.0,0.0,31074.0,,,,,,,,,,,,24700.0,,,,0
171868,3148889,3861334,35000,35000,34975.0, 36 months,19.05,1283.85,D,D4,Southwest Airlines,6 years,MORTGAGE,165000.0,Verified,Jan-13,Fully Paid,n,https://www.lendingclub.com/browse/loanDetail.action?loan_id=3148889,  Borrower added on 01/13/13 > Looking to consolidate my credit card debt and pay off my car loan. This will free up money and with one payment instead of several make it easier to pay back and manage my finances<br>,debt_consolidation,Debt Consolidation,853xx,AZ,18.6,0.0,Jun-07,2.0,,,8.0,0.0,39711,96.9,10.0,f,0.0,0.0,43387.74448,43356.79,35000.0,8387.74,0.0,0.0,0.0,Aug-14,20285.33,,Jan-16,0.0,,1,INDIVIDUAL,,,,0.0,0.0,353277.0,,,,,,,,,,,,41000.0,,,,0
22823,624053,799755,15000,9325,8800.0, 36 months,6.54,285.98,A,A4,KIPP Infinity Elementary School,< 1 year,RENT,66500.0,Verified,Dec-10,Fully Paid,n,https://www.lendingclub.com/browse/loanDetail.action?loan_id=624053,"  Borrower added on 12/01/10 > I am a teacher and have been teaching for many years. My monthly net income is $3,552. I plan to use this loan to make a variety of short and long-term security investments, which are a part of my overall retirement investment plan. I am confident that my job security, current salery, and excellent credit score make me a strong canidate for this loan. I appreciate your assistance.<br/>",major_purchase,Building Wealth Loan,100xx,NY,5.79,0.0,Oct-04,0.0,,,10.0,0.0,195,2.4,12.0,f,0.0,0.0,10293.14,9713.56,9325.0,968.14,0.0,0.0,0.0,Dec-13,305.74,,Jan-14,0.0,,1,INDIVIDUAL,,,,0.0,,,,,,,,,,,,,,,,,,0
303300,28042197,30555320,20000,20000,20000.0, 36 months,11.67,661.14,B,B4,Project Manager,7 years,MORTGAGE,105000.0,Verified,Sep-14,Fully Paid,n,https://www.lendingclub.com/browse/loanDetail.action?loan_id=28042197,,debt_consolidation,Debt consolidation,913xx,CA,13.15,0.0,Aug-91,0.0,45.0,,15.0,0.0,18041,67.6,25.0,w,0.0,0.0,22187.99,22187.99,20000.0,2187.99,0.0,0.0,0.0,Nov-15,14254.31,,Jan-16,0.0,,1,INDIVIDUAL,,,,0.0,0.0,385618.0,,,,,,,,,,,,26700.0,,,,0
436115,12466201,14478333,17625,17625,17625.0, 60 months,21.18,478.61,E,E3,Teacher,4 years,MORTGAGE,60000.0,Verified,Feb-14,Fully Paid,n,https://www.lendingclub.com/browse/loanDetail.action?loan_id=12466201,,debt_consolidation,Debt consolidation,606xx,IL,15.58,0.0,Sep-02,1.0,76.0,,14.0,0.0,3976,31.3,22.0,f,0.0,0.0,22950.68,22950.68,17625.0,5325.68,0.0,0.0,0.0,Sep-15,14814.31,,Jan-16,0.0,,1,INDIVIDUAL,,,,0.0,818.0,225007.0,,,,,,,,,,,,12700.0,,,,0
121785,5955678,7427820,6250,6250,6250.0, 36 months,18.85,228.63,D,D3,dominos ,< 1 year,RENT,51200.0,Not Verified,Jul-13,Fully Paid,n,https://www.lendingclub.com/browse/loanDetail.action?loan_id=5955678,,other,personal loan,840xx,UT,24.6,0.0,Aug-89,0.0,65.0,117.0,9.0,1.0,5001,67.6,28.0,w,0.0,0.0,8166.32,8166.32,6250.0,1916.32,0.0,0.0,0.0,Jan-16,1536.05,,Jan-16,0.0,65.0,1,INDIVIDUAL,,,,0.0,904.0,40819.0,,,,,,,,,,,,7400.0,,,,0
335549,22343322,24666056,20000,20000,20000.0, 36 months,8.39,630.34,A,A5,DIRECTOR OF CUSTOMER RELATIONS,6 years,MORTGAGE,124000.0,Source Verified,Jul-14,Fully Paid,n,https://www.lendingclub.com/browse/loanDetail.action?loan_id=22343322,,credit_card,Credit card refinancing,288xx,NC,8.45,0.0,Feb-90,1.0,,,14.0,0.0,23386,64.8,54.0,f,0.0,0.0,21633.58,21633.58,20000.0,1633.58,0.0,0.0,0.0,Sep-15,14069.5,,Jan-16,0.0,,1,INDIVIDUAL,,,,0.0,0.0,542706.0,,,,,,,,,,,,36100.0,,,,0
328594,23844595,26217360,4800,4800,4800.0, 36 months,6.03,146.1,A,A1,Consultant,1 year,RENT,99000.0,Not Verified,Aug-14,Fully Paid,n,https://www.lendingclub.com/browse/loanDetail.action?loan_id=23844595,,credit_card,Credit card refinancing,891xx,NV,14.62,1.0,Jun-00,0.0,9.0,,27.0,0.0,6242,6.2,38.0,f,0.0,0.0,5025.96,5025.96,4800.0,225.96,0.0,0.0,0.0,Jul-15,3079.86,,Jan-16,0.0,,1,INDIVIDUAL,,,,0.0,0.0,68427.0,,,,,,,,,,,,101400.0,,,,0
376839,17685618,19818078,6000,6000,6000.0, 36 months,7.12,185.6,A,A3,Tax accountant,< 1 year,RENT,60000.0,Source Verified,Jun-14,Fully Paid,n,https://www.lendingclub.com/browse/loanDetail.action?loan_id=17685618,,debt_consolidation,Debt consolidation,770xx,TX,13.66,0.0,Feb-05,4.0,,,8.0,0.0,8221,28.9,37.0,w,0.0,0.0,6104.124719,6104.12,6000.0,104.12,0.0,0.0,0.0,Sep-14,5732.92,,Oct-15,0.0,,1,INDIVIDUAL,,,,0.0,0.0,23053.0,,,,,,,,,,,,28400.0,,,,0
155661,3701661,4674855,20000,20000,19675.0, 60 months,8.9,414.2,A,A5,Accenture,6 years,RENT,86000.0,Verified,Mar-13,Fully Paid,n,https://www.lendingclub.com/browse/loanDetail.action?loan_id=3701661,"  Borrower added on 03/14/13 > Hi,<br>Thank you for visiting my page.  I have successfully paid off two lending club loans before, and I am taking this loan out to consolidate my debt.  I have a same stable job for the past 6 years, and I am confident of my ability to handle your investment with the utmost care.  Thank you !!<br>",debt_consolidation,Excellent Payback Credentials Guaranteed,070xx,NJ,17.68,0.0,Jan-01,0.0,,,13.0,0.0,2368,4.7,25.0,f,0.0,0.0,21882.87337,21527.17,20000.0,1882.87,0.0,0.0,0.0,May-14,16525.0,,Jan-16,0.0,,1,INDIVIDUAL,,,,0.0,0.0,64758.0,,,,,,,,,,,,50500.0,,,,0
213664,1342231,1586820,5625,5625,5625.0, 36 months,12.12,187.16,B,B3,Wendy's International,10+ years,RENT,56500.0,Not Verified,Jun-12,Fully Paid,n,https://www.lendingclub.com/browse/loanDetail.action?loan_id=1342231,,debt_consolidation,Debt,956xx,CA,26.77,0.0,Jan-02,0.0,26.0,,10.0,0.0,15960,79.0,18.0,f,0.0,0.0,6548.14912,6548.15,5625.0,923.15,0.0,0.0,0.0,Apr-14,2622.59,,Feb-15,0.0,,1,INDIVIDUAL,,,,0.0,,,,,,,,,,,,,,,,,,0
304456,27512117,30015268,23000,23000,23000.0, 36 months,14.99,797.19,C,C5,Dept Manager,1 year,MORTGAGE,64800.0,Source Verified,Sep-14,Charged Off,n,https://www.lendingclub.com/browse/loanDetail.action?loan_id=27512117,,debt_consolidation,Debt consolidation,720xx,AR,25.66,0.0,Apr-93,3.0,29.0,,14.0,0.0,16231,54.1,46.0,f,0.0,0.0,5580.33,5580.33,3706.51,1873.82,0.0,0.0,0.0,May-15,797.19,,Dec-15,0.0,,1,INDIVIDUAL,,,,0.0,0.0,179011.0,,,,,,,,,,,,30000.0,,,,1
160138,3584598,4506755,12000,12000,12000.0, 36 months,15.31,417.81,C,C2,"Mysavings, Inc.",< 1 year,MORTGAGE,75000.0,Not Verified,Mar-13,Fully Paid,n,https://www.lendingclub.com/browse/loanDetail.action?loan_id=3584598,,debt_consolidation,Debt Consolidation,334xx,FL,3.01,1.0,Jul-04,0.0,17.0,,6.0,0.0,7908,63.8,8.0,f,0.0,0.0,13604.00848,13604.01,12000.0,1604.01,0.0,0.0,0.0,Mar-14,9009.75,,Feb-15,0.0,,1,INDIVIDUAL,,,,0.0,0.0,129659.0,,,,,,,,,,,,12400.0,,,,0
14922,749427,948661,9450,9450,9450.0, 36 months,5.99,287.45,A,A2,,,MORTGAGE,34800.0,Not Verified,May-11,Fully Paid,n,https://www.lendingclub.com/browse/loanDetail.action?loan_id=749427,  Borrower added on 05/15/11 > House Painting<br/>Exterior Fencing<br/>Driveway Repair<br/>,home_improvement,Home Improvement Loan,959xx,CA,7.38,0.0,Mar-95,0.0,24.0,,18.0,0.0,2051,19.0,30.0,f,0.0,0.0,10308.06,10308.06,9450.0,858.06,0.0,0.0,0.0,Oct-13,2265.75,,Oct-13,0.0,,1,INDIVIDUAL,,,,0.0,,,,,,,,,,,,,,,,,,0
171799,3148784,3861219,24000,24000,24000.0, 36 months,11.14,787.33,B,B2,HollyFrontier,5 years,MORTGAGE,67000.0,Verified,Jan-13,Fully Paid,n,https://www.lendingclub.com/browse/loanDetail.action?loan_id=3148784,  Borrower added on 01/13/13 > Just bought an older house and needed some extra cash for updates to the kitchen and bathrooms.<br>,home_improvement,Home improvement,882xx,NM,4.03,0.0,Jan-04,0.0,,,10.0,0.0,8692,22.3,17.0,f,0.0,0.0,27871.44221,27871.44,24000.0,3871.44,0.0,0.0,0.0,May-15,600.79,,May-15,0.0,,1,INDIVIDUAL,,,,0.0,794.0,160359.0,,,,,,,,,,,,39000.0,,,,0
191515,1595553,1866027,31300,31300,31300.0, 60 months,23.76,896.09,F,F4,NBC Telemundo,< 1 year,RENT,70000.0,Verified,Oct-12,Fully Paid,n,https://www.lendingclub.com/browse/loanDetail.action?loan_id=1595553,,debt_consolidation,Debt Consolidation loan ,606xx,IL,19.49,0.0,Nov-96,0.0,28.0,,11.0,0.0,24062,41.2,23.0,f,0.0,0.0,33743.93,33743.93,31300.0,2443.93,0.0,0.0,0.0,Feb-13,31060.94,,Mar-13,0.0,,1,INDIVIDUAL,,,,0.0,0.0,32917.0,,,,,,,,,,,,58400.0,,,,0
28352,540325,697615,7750,7750,7725.0, 36 months,11.12,254.17,B,B3,Bishop Police Department,4 years,MORTGAGE,85000.0,Not Verified,Jul-10,Fully Paid,n,https://www.lendingclub.com/browse/loanDetail.action?loan_id=540325,  Borrower added on 07/01/10 > I am Police Officer in Bishop Ca.  I have excellent credit and pay all my bills on time.  I need the funds to relocate and set up a manufactured home on my property.  The home will be for my family to live in.<br/>,moving,Moving and Relocatio,935xx,CA,21.37,0.0,Apr-99,2.0,,,7.0,0.0,20031,72.3,22.0,f,0.0,0.0,9144.56,9115.09,7750.0,1394.56,0.0,0.0,0.0,Jul-13,289.18,,Feb-15,0.0,,1,INDIVIDUAL,,,,0.0,,,,,,,,,,,,,,,,,,0
223519,1187798,1428862,18000,18000,17975.0, 36 months,13.99,615.11,C,C1,Haltom City Police Department,7 years,MORTGAGE,65000.0,Verified,Mar-12,Fully Paid,n,https://www.lendingclub.com/browse/loanDetail.action?loan_id=1187798,"  Borrower added on 03/13/12 > Loan is to pay off all credit card debt, loans and medical bills. All credit cards will be closed. Cars are now paid and rolling that payment in to pay off all unsecured debt. Goal is to be debt free in 36 months.<br>",debt_consolidation,Debt Consolodation,750xx,TX,16.89,0.0,Apr-97,1.0,,,9.0,0.0,14562,63.9,16.0,f,0.0,0.0,22130.44998,22099.73,18000.0,4130.45,0.0,0.0,0.0,Apr-15,614.2,,Jan-16,0.0,,1,INDIVIDUAL,,,,0.0,,,,,,,,,,,,,,,,,,0
91727,7092910,8754438,5000,5000,5000.0, 36 months,15.88,175.49,C,C4,wells fargo,2 years,RENT,40000.0,Not Verified,Sep-13,Charged Off,n,https://www.lendingclub.com/browse/loanDetail.action?loan_id=7092910,,debt_consolidation,debt consolidation,891xx,NV,28.53,0.0,May-95,1.0,,,19.0,0.0,16965,78.9,39.0,f,0.0,0.0,3595.89,3595.89,2018.2,1060.11,0.0,517.58,93.1644,Jun-15,176.0,,Jul-15,0.0,,1,INDIVIDUAL,,,,0.0,0.0,28464.0,,,,,,,,,,,,21500.0,,,,1
194899,1569895,1837480,15000,15000,14975.0, 36 months,6.03,456.54,A,A1,Macy's Systems and Technology,10+ years,MORTGAGE,89000.0,Not Verified,Oct-12,Fully Paid,n,https://www.lendingclub.com/browse/loanDetail.action?loan_id=1569895,"  Borrower added on 09/26/12 > Everything was paid off. Then life happened, wife's car totaled, unemployed friends need help, etc.  Things are stable again now, and the income is more than the outgoing.  I could wipe out my savings to clear the credit cards, but I'd rather reduce the interest rate and hold my savings. Thanks!<br>",credit_card,Card consolidation,300xx,GA,12.79,0.0,Apr-99,0.0,,,10.0,0.0,9002,13.2,24.0,f,0.0,0.0,16200.34455,16173.35,15000.0,1200.34,0.0,0.0,0.0,Aug-14,6615.08,,Jan-16,0.0,,1,INDIVIDUAL,,,,0.0,0.0,155328.0,,,,,,,,,,,,68000.0,,,,0
162502,3372129,4225256,7200,7200,7200.0, 36 months,21.49,273.08,E,E3,,5 years,RENT,34000.0,Verified,Mar-13,Fully Paid,n,https://www.lendingclub.com/browse/loanDetail.action?loan_id=3372129,,medical,Debt Consolidation,331xx,FL,5.19,0.0,Jun-09,1.0,,,5.0,0.0,4499,71.4,8.0,f,0.0,0.0,9227.77841,9227.78,7200.0,2027.78,0.0,0.0,0.0,Nov-14,4047.84,,Nov-14,0.0,,1,INDIVIDUAL,,,,0.0,0.0,4499.0,,,,,,,,,,,,6300.0,,,,0
387678,16312329,18414798,6500,6500,6500.0, 36 months,7.69,202.76,A,A4,Wastewater Operator with Liscence,4 years,MORTGAGE,60000.0,Not Verified,May-14,Fully Paid,n,https://www.lendingclub.com/browse/loanDetail.action?loan_id=16312329,,debt_consolidation,Debt consolidation,440xx,OH,10.9,0.0,Mar-08,1.0,,,7.0,0.0,6166,51.4,15.0,w,0.0,0.0,6660.395641,6660.4,6500.0,160.4,0.0,0.0,0.0,Sep-14,6052.12,,Jan-16,0.0,,1,INDIVIDUAL,,,,0.0,0.0,151935.0,,,,,,,,,,,,12000.0,,,,0
112634,6185371,7657517,6000,6000,6000.0, 36 months,10.64,195.42,B,B2,AEP,6 years,MORTGAGE,57000.0,Not Verified,Jul-13,Fully Paid,n,https://www.lendingclub.com/browse/loanDetail.action?loan_id=6185371,  Borrower added on 07/15/13 > Pay off credit cards and hospital bills<br>,debt_consolidation,relief,438xx,OH,19.18,0.0,Aug-02,1.0,82.0,93.0,14.0,1.0,6798,34.7,21.0,w,0.0,0.0,6345.53,6345.53,6000.0,345.53,0.0,0.0,0.0,Mar-14,5173.01,,Mar-14,0.0,,1,INDIVIDUAL,,,,0.0,0.0,91941.0,,,,,,,,,,,,19600.0,,,,0
200317,1505408,1766504,5500,5500,5500.0, 36 months,7.9,172.1,A,A4,Allstate,5 years,RENT,65000.0,Not Verified,Sep-12,Fully Paid,n,https://www.lendingclub.com/browse/loanDetail.action?loan_id=1505408,"  Borrower added on 08/28/12 > Hello... I have three credit cards wanting to consolidate to one payment and be done with credit card debt! Your help would be greatly appreciated, thank you :)<br>",debt_consolidation,Payoff,604xx,IL,8.05,0.0,May-06,2.0,,,6.0,0.0,2531,33.7,11.0,f,0.0,0.0,6182.401615,6182.4,5500.0,682.4,0.0,0.0,0.0,Apr-15,1023.99,,Jun-15,0.0,,1,INDIVIDUAL,,,,0.0,0.0,14088.0,,,,,,,,,,,,7500.0,,,,0
2167,1023014,1251810,3525,3525,3525.0, 36 months,6.62,108.24,A,A2,dakota pride,2 years,RENT,26000.0,Not Verified,Nov-11,Fully Paid,n,https://www.lendingclub.com/browse/loanDetail.action?loan_id=1023014,,debt_consolidation,debt consolidation,577xx,SD,12.92,0.0,Mar-96,0.0,,,5.0,0.0,8518,62.2,18.0,f,0.0,0.0,3892.259,3892.26,3525.0,367.26,0.0,0.0,0.0,Oct-14,338.8,,Jan-16,0.0,,1,INDIVIDUAL,,,,0.0,,,,,,,,,,,,,,,,,,0
30499,508640,656352,5500,5500,5500.0, 36 months,12.73,184.62,C,C1,INTERNAL REVENUE SERVICE ,10+ years,RENT,56000.0,Source Verified,Apr-10,Charged Off,n,https://www.lendingclub.com/browse/loanDetail.action?loan_id=508640,"  Borrower added on 04/26/10 > I pay all my bills on time and always send in extra when i can.  This tax thing was unexpected and because I could lose my job by not paying my taxes,,that is why i have to put myself in this position to borrow but i am a good risk since i would never not pay a bill.<br/>",other,PAYING OFF INCOME TAX & AMEX,117xx,NY,16.8,0.0,Mar-92,0.0,,,6.0,0.0,36105,93.8,14.0,f,0.0,0.0,3691.99,3691.99,2785.69,892.31,0.0,13.99,4.91,Jan-12,184.62,,Jan-16,0.0,,1,INDIVIDUAL,,,,0.0,,,,,,,,,,,,,,,,,,1
111708,6394647,7926793,15000,15000,15000.0, 36 months,12.35,500.73,B,B4,Toro Employees Federal Credit Union,9 years,MORTGAGE,65000.0,Source Verified,Aug-13,Fully Paid,n,https://www.lendingclub.com/browse/loanDetail.action?loan_id=6394647,  Borrower added on 07/17/13 > I am going to pay off 3 credit cards with average interest rate of 25%<br>,credit_card,CREDIT CARD REFIANNCE,550xx,MN,26.16,1.0,Dec-95,0.0,17.0,,11.0,0.0,19642,88.9,25.0,w,0.0,0.0,16608.977580000002,16608.98,15000.0,1608.98,0.0,0.0,0.0,Aug-14,11100.95,,Jan-16,0.0,31.0,1,INDIVIDUAL,,,,0.0,0.0,149203.0,,,,,,,,,,,,22100.0,,,,0
95115,7075051,8737195,1200,1200,1200.0, 36 months,12.35,40.06,B,B4,City of Rockford fire department ,10+ years,MORTGAGE,80000.0,Not Verified,Sep-13,Fully Paid,n,https://www.lendingclub.com/browse/loanDetail.action?loan_id=7075051,,debt_consolidation,Lawyer fees ,611xx,IL,12.81,0.0,Jan-97,2.0,,,13.0,0.0,23932,47.6,63.0,f,0.0,0.0,1212.45,1212.45,1200.0,12.45,0.0,0.0,0.0,Oct-13,1212.74,,Mar-15,0.0,,1,INDIVIDUAL,,,,0.0,0.0,134074.0,,,,,,,,,,,,50300.0,,,,0
98716,6807459,1872669,24000,24000,24000.0, 36 months,10.64,781.65,B,B2,Salesforce.com,< 1 year,MORTGAGE,200000.0,Source Verified,Sep-13,Fully Paid,n,https://www.lendingclub.com/browse/loanDetail.action?loan_id=6807459,  Borrower added on 08/21/13 > Hello - <br>LendingClub has worked for me and those that invested in me in the past.  This loan will provide me the opportunity to pay down my current debt at a better interest rate and in a shorter period of time.<br>Please reach out with questions as needed.  <br>Thank you for your consideration.<br>,debt_consolidation,Your Debt Consolidation Investment,062xx,CT,11.74,0.0,Mar-94,0.0,35.0,,10.0,0.0,13076,33.6,26.0,f,0.0,0.0,26054.19428,26054.19,24000.0,2054.19,0.0,0.0,0.0,Aug-14,18244.2,,Sep-14,0.0,,1,INDIVIDUAL,,,,0.0,0.0,77897.0,,,,,,,,,,,,38900.0,,,,0
22872,621647,796722,7750,7750,7750.0, 60 months,12.98,176.26,C,C3,Laclede Co. Sheriff's Office,10+ years,MORTGAGE,26771.94,Not Verified,Dec-10,Charged Off,n,https://www.lendingclub.com/browse/loanDetail.action?loan_id=621647,,debt_consolidation,Roberts debt consolidation,655xx,MO,21.2,0.0,Oct-96,2.0,79.0,,6.0,0.0,4660,86.3,18.0,f,0.0,0.0,5037.41,5037.41,2858.25,1899.77,0.0,279.39,3.02,Apr-13,36.12,,Aug-13,0.0,,1,INDIVIDUAL,,,,0.0,,,,,,,,,,,,,,,,,,1
337694,22181563,24504496,35000,35000,35000.0, 60 months,20.2,931.19,E,E3,Regional Operations Manager,2 years,MORTGAGE,143000.0,Verified,Jul-14,Fully Paid,n,https://www.lendingclub.com/browse/loanDetail.action?loan_id=22181563,,debt_consolidation,Debt consolidation,831xx,WY,20.53,0.0,Feb-04,1.0,51.0,,16.0,0.0,22869,65.2,35.0,f,0.0,0.0,44337.75,44337.75,35000.0,9337.75,0.0,0.0,0.0,Jan-16,29438.71,,Jan-16,0.0,51.0,1,INDIVIDUAL,,,,0.0,11787.0,136524.0,,,,,,,,,,,,35100.0,,,,0
394918,14570218,16632515,10000,10000,9950.0, 36 months,8.9,317.54,A,A5,sales consultant,3 years,RENT,55000.0,Not Verified,May-14,Fully Paid,n,https://www.lendingclub.com/browse/loanDetail.action?loan_id=14570218,,major_purchase,Major purchase,238xx,VA,11.32,0.0,Aug-10,0.0,,,7.0,0.0,518,12.6,8.0,f,0.0,0.0,10911.91,10857.35,10000.0,911.91,0.0,0.0,0.0,Sep-15,4911.91,,Dec-15,0.0,,1,INDIVIDUAL,,,,0.0,0.0,15929.0,,,,,,,,,,,,4100.0,,,,0
179957,2366358,2828485,12000,12000,11975.0, 36 months,7.62,373.94,A,A3,"Xanatek, Inc.",5 years,MORTGAGE,42500.0,Not Verified,Dec-12,Fully Paid,n,https://www.lendingclub.com/browse/loanDetail.action?loan_id=2366358,,credit_card,MyLoan,465xx,IN,19.96,0.0,Jun-87,1.0,,,16.0,0.0,13190,32.0,28.0,w,0.0,0.0,13445.21015,13417.21,12000.0,1445.21,0.0,0.0,0.0,Sep-15,1505.59,,Jan-16,0.0,,1,INDIVIDUAL,,,,0.0,68.0,169078.0,,,,,,,,,,,,41200.0,,,,0
296717,28883260,31406424,16150,16150,16150.0, 60 months,23.43,459.28,F,F1,hvac mechanic,10+ years,MORTGAGE,45000.0,Verified,Oct-14,Charged Off,n,https://www.lendingclub.com/browse/loanDetail.action?loan_id=28883260,,debt_consolidation,Debt consolidation,272xx,NC,26.59,0.0,Aug-04,0.0,,,15.0,0.0,25020,58.3,36.0,f,0.0,0.0,3193.94,3193.94,1070.92,2123.02,0.0,0.0,0.0,May-15,459.28,,Dec-15,0.0,,1,INDIVIDUAL,,,,0.0,0.0,107541.0,,,,,,,,,,,,42900.0,,,,1
9469,847756,1059292,10000,10000,9750.0, 36 months,7.49,311.02,A,A4,WilsonMiller Stantec,10+ years,MORTGAGE,60204.0,Not Verified,Aug-11,Fully Paid,n,https://www.lendingclub.com/browse/loanDetail.action?loan_id=847756,,home_improvement,Appliances,341xx,FL,6.14,0.0,Aug-95,0.0,,,4.0,0.0,3373,31.2,12.0,f,0.0,0.0,11193.78067,10913.89,10000.0,1193.78,0.0,0.0,0.0,Sep-14,330.58,,Aug-14,0.0,,1,INDIVIDUAL,,,,0.0,,,,,,,,,,,,,,,,,,0
458759,10576214,4671762,12000,12000,12000.0, 60 months,23.4,341.05,E,E5,Mechanic ,5 years,MORTGAGE,92000.0,Verified,Jan-14,Charged Off,n,https://www.lendingclub.com/browse/loanDetail.action?loan_id=10576214,,debt_consolidation,Debt consolidation,898xx,NV,16.78,0.0,Jun-07,1.0,57.0,,7.0,0.0,753,10.9,13.0,w,0.0,0.0,2384.74,2384.74,216.19,465.91,0.0,1702.64,17.0264,Mar-14,341.05,,Aug-14,0.0,57.0,1,INDIVIDUAL,,,,0.0,0.0,264067.0,,,,,,,,,,,,6900.0,,,,1
85933,7449252,9111219,28000,28000,27950.0, 36 months,9.25,893.66,A,A5,Target Co.,5 years,MORTGAGE,146500.0,Verified,Sep-13,Fully Paid,n,https://www.lendingclub.com/browse/loanDetail.action?loan_id=7449252,,debt_consolidation,Debt consolidation,551xx,MN,21.33,0.0,Feb-06,0.0,,,13.0,0.0,25182,34.3,22.0,f,0.0,0.0,31415.86429,31359.77,28000.0,3415.86,0.0,0.0,0.0,Jul-15,13554.96,,Jul-15,0.0,,1,INDIVIDUAL,,,,0.0,0.0,175811.0,,,,,,,,,,,,73500.0,,,,0
11909,806959,1013386,6000,6000,6000.0, 36 months,6.99,185.24,A,A3,Ohio Department of Education,7 years,MORTGAGE,77000.0,Not Verified,Jul-11,Fully Paid,n,https://www.lendingclub.com/browse/loanDetail.action?loan_id=806959,  Borrower added on 07/06/11 > I am going to buy and sell cars with the money.  I was approved for a conventional loan but transfering title incurs costs.<br/>,major_purchase,Investment loan,430xx,OH,8.74,0.0,Feb-94,2.0,,,8.0,0.0,8485,38.6,25.0,f,0.0,0.0,6621.03,6621.03,6000.0,621.03,0.0,0.0,0.0,Oct-13,1809.95,,Aug-15,0.0,,1,INDIVIDUAL,,,,0.0,,,,,,,,,,,,,,,,,,0
204238,1458850,1713831,5000,5000,5000.0, 36 months,8.9,158.77,A,A5,,,RENT,50000.0,Verified,Aug-12,Charged Off,n,https://www.lendingclub.com/browse/loanDetail.action?loan_id=1458850,  Borrower added on 08/03/12 > debt consolidation<br><br> Borrower added on 08/03/12 > debt consolidation<br>,debt_consolidation,debt consolidation,104xx,NY,6.65,0.0,Jan-76,0.0,,,3.0,0.0,0,0.0,16.0,f,0.0,0.0,4060.82,4060.82,3175.43,624.97,0.0,260.42,2.5034,Aug-14,158.77,,Jan-15,0.0,,1,INDIVIDUAL,,,,0.0,,,,,,,,,,,,,,,,,,1
21171,647688,828625,15250,15250,15250.0, 60 months,15.2,364.4,D,D4,FEDERAL GOV'T --SSA,10+ years,MORTGAGE,98279.0,Verified,Jan-11,Charged Off,n,https://www.lendingclub.com/browse/loanDetail.action?loan_id=647688,  Borrower added on 01/05/11 > I have worked for the Federal Gov't since 1991 and have never been late on any payments. I want to consolodate my debts and become debt free.<br/>,debt_consolidation,PAY OFF MY DEBT ,117xx,NY,23.41,0.0,Apr-91,1.0,,,15.0,0.0,44685,51.0,44.0,f,0.0,0.0,4608.0,4608.0,1999.69,2608.31,0.0,0.0,0.0,Apr-12,201.93,,Jan-16,0.0,,1,INDIVIDUAL,,,,0.0,,,,,,,,,,,,,,,,,,1
69838,8597116,10349140,15000,15000,15000.0, 36 months,14.3,514.86,C,C1,District Merchandising Manager,10+ years,RENT,96500.0,Verified,Nov-13,Fully Paid,n,https://www.lendingclub.com/browse/loanDetail.action?loan_id=8597116,,debt_consolidation,Debt consolidation ,100xx,NY,33.01,0.0,Feb-99,1.0,42.0,,10.0,0.0,94537,88.8,19.0,f,0.0,0.0,17963.28583,17963.29,15000.0,2963.29,0.0,0.0,0.0,Sep-15,7151.92,,Sep-15,0.0,,1,INDIVIDUAL,,,,0.0,0.0,478665.0,,,,,,,,,,,,107500.0,,,,0
246002,35286201,37967567,6075,6075,6075.0, 36 months,16.49,215.06,D,D3,Sr. Paralegal,10+ years,RENT,90000.0,Source Verified,Nov-14,Fully Paid,n,https://www.lendingclub.com/browse/loanDetail.action?loan_id=35286201,,other,Other,911xx,CA,12.52,0.0,Nov-07,0.0,,51.0,5.0,3.0,1155,26.2,6.0,f,0.0,0.0,6614.07,6614.07,6075.0,539.07,0.0,0.0,0.0,Jun-15,5334.84,,Jan-16,0.0,,1,INDIVIDUAL,,,,0.0,0.0,44029.0,,,,,,,,,,,,4400.0,,,,0
10325,834286,1044115,9000,9000,8825.0, 36 months,11.49,296.75,B,B4,columbus city schools,3 years,RENT,26400.0,Verified,Aug-11,Charged Off,n,https://www.lendingclub.com/browse/loanDetail.action?loan_id=834286,"  Borrower added on 07/29/11 > BUSINESS EXPENSES , AUTO REPAIRS<br/>",small_business,Small Business Loan,432xx,OH,15.86,1.0,May-05,0.0,21.0,,9.0,0.0,12689,34.5,17.0,f,0.0,0.0,6750.5,6619.13,5114.27,1397.87,0.0,238.36,2.226899997,Jun-13,593.5,,Nov-14,0.0,,1,INDIVIDUAL,,,,0.0,,,,,,,,,,,,,,,,,,1
68881,8569903,10321369,20000,20000,20000.0, 60 months,20.2,532.11,D,D5,Officer,5 years,RENT,92400.0,Source Verified,Nov-13,Charged Off,n,https://www.lendingclub.com/browse/loanDetail.action?loan_id=8569903,,car,Car financing,967xx,HI,11.39,0.0,Sep-00,0.0,81.0,,4.0,0.0,4768,63.6,18.0,f,0.0,0.0,4371.52,4371.52,596.05,999.74,0.0,2775.73,27.7573,Feb-14,532.11,,Jul-14,0.0,81.0,1,INDIVIDUAL,,,,0.0,0.0,37264.0,,,,,,,,,,,,7500.0,,,,1
226803,1121783,1359386,14400,14400,14400.0, 36 months,6.03,438.28,A,A1,Crowley Liner Services,10+ years,MORTGAGE,53000.0,Not Verified,Feb-12,Fully Paid,n,https://www.lendingclub.com/browse/loanDetail.action?loan_id=1121783,  Borrower added on 02/01/12 > Debt Consolidation<br><br>  Borrower added on 02/01/12 > Plan on using loan to pay off higher interest rates.  Not looking to increase my debt just looking to get a lower interest and pay it off faster.  I have no problems paying what I owe out now on my debts.  Been at my job for 18 years.<br>,debt_consolidation,BOA cards,322xx,FL,12.27,0.0,Sep-01,0.0,,,8.0,0.0,17170,46.9,14.0,f,0.0,0.0,15373.55,15373.55,14400.0,973.55,0.0,0.0,0.0,Jul-13,8364.25,,Jan-16,0.0,,1,INDIVIDUAL,,,,0.0,,,,,,,,,,,,,,,,,,0
18424,698333,889766,12000,12000,12000.0, 60 months,18.99,311.23,F,F3,APS HealthCare,1 year,MORTGAGE,87192.0,Source Verified,Mar-11,Fully Paid,n,https://www.lendingclub.com/browse/loanDetail.action?loan_id=698333,"  Borrower added on 03/11/11 > Thank you!<br/> Borrower added on 03/14/11 > If anyone has any questions id be happy to answer them.<br/> Borrower added on 03/20/11 > We are getting so close. Please help!<br/> Borrower added on 03/21/11 > Just over a 1/3 of the way there... please help me to get closer... 80%....   :)<br/> Borrower added on 03/21/11 > Just over 2 days left.please consider helping me reach my goal<br/> Borrower added on 03/22/11 > I have found 2 vehicles ~10,000 can you please help me get there???<br/> Borrower added on 03/23/11 > We are SOOOO close.... 1,000 to go with one day!!! Anything closer to the original goal is FANTASTIC... Please, Please help!<br/>",car,Mini ,170xx,PA,12.99,3.0,Sep-94,3.0,10.0,95.0,4.0,1.0,217,72.3,15.0,f,0.0,0.0,16157.47167,16157.47,12000.01,4157.46,0.0,0.0,0.0,Mar-14,3311.95,,Mar-14,0.0,,1,INDIVIDUAL,,,,0.0,,,,,,,,,,,,,,,,,,0
392851,16280895,18383445,5500,5500,5500.0, 36 months,14.99,190.64,C,C5,Manager,5 years,MORTGAGE,48012.0,Verified,May-14,Charged Off,n,https://www.lendingclub.com/browse/loanDetail.action?loan_id=16280895,,debt_consolidation,Debt consolidation,461xx,IN,21.82,0.0,Nov-98,1.0,58.0,,18.0,0.0,9803,31.4,37.0,f,0.0,0.0,2665.04,2665.04,1290.24,616.16,0.0,758.64,136.5552,Mar-15,190.64,,Aug-15,0.0,58.0,1,INDIVIDUAL,,,,0.0,0.0,174943.0,,,,,,,,,,,,31179.0,,,,1
293875,29273878,31807053,15000,15000,15000.0, 60 months,14.49,352.85,C,C4,Teacher,5 years,RENT,65000.0,Source Verified,Oct-14,Fully Paid,n,https://www.lendingclub.com/browse/loanDetail.action?loan_id=29273878,,debt_consolidation,Debt consolidation,454xx,OH,17.5,0.0,Jan-95,1.0,24.0,,11.0,0.0,7197,37.9,25.0,w,0.0,0.0,17259.63,17259.63,15000.0,2259.63,0.0,0.0,0.0,Nov-15,13037.51,,Nov-15,0.0,35.0,1,INDIVIDUAL,,,,0.0,0.0,35559.0,,,,,,,,,,,,19000.0,,,,0
266397,32479191,35092432,10000,10000,10000.0, 36 months,16.29,353.01,D,D2,Assistant Manager,2 years,RENT,40663.0,Source Verified,Oct-14,Fully Paid,n,https://www.lendingclub.com/browse/loanDetail.action?loan_id=32479191,,debt_consolidation,Debt consolidation,640xx,MO,19.81,0.0,Jun-07,0.0,,,15.0,0.0,6022,66.2,17.0,w,0.0,0.0,10927.36,10927.36,10000.0,927.36,0.0,0.0,0.0,Jun-15,8818.35,,Jan-16,0.0,,1,INDIVIDUAL,,,,0.0,0.0,42954.0,,,,,,,,,,,,9100.0,,,,0
138194,5038101,6340421,24000,24000,24000.0, 36 months,6.62,736.89,A,A2,Smart Storage Systems,< 1 year,RENT,93600.0,Verified,May-13,Fully Paid,n,https://www.lendingclub.com/browse/loanDetail.action?loan_id=5038101,,debt_consolidation,Debt consolidation,014xx,MA,12.65,0.0,Jul-91,0.0,,,11.0,0.0,25866,32.4,23.0,f,0.0,0.0,26009.58975,26009.59,24000.0,2009.59,0.0,0.0,0.0,Jan-15,12020.83,,Jan-16,0.0,,1,INDIVIDUAL,,,,0.0,0.0,31895.0,,,,,,,,,,,,79800.0,,,,0
202250,1465312,1721357,25000,25000,25000.0, 60 months,15.31,598.83,C,C2,uams,9 years,MORTGAGE,90000.0,Verified,Aug-12,Charged Off,n,https://www.lendingclub.com/browse/loanDetail.action?loan_id=1465312,  Borrower added on 08/15/12 > Will use for bill consolidation<br>,debt_consolidation,Debt consolidation,721xx,AR,18.97,0.0,Jul-88,1.0,40.0,,19.0,0.0,15270,31.1,42.0,f,0.0,0.0,7254.41,7254.41,2964.54,3022.86,0.0,1267.01,12.6701,Jun-13,598.83,,Nov-13,0.0,41.0,1,INDIVIDUAL,,,,0.0,0.0,82798.0,,,,,,,,,,,,49110.0,,,,1
462484,9007121,10799138,15000,15000,15000.0, 36 months,12.85,504.33,B,B4,manger,4 years,MORTGAGE,60000.0,Not Verified,Jan-14,Fully Paid,n,https://www.lendingclub.com/browse/loanDetail.action?loan_id=9007121,  Borrower added on 01/06/14 > The funds will go towards remodeling our home kitchen.  I have always paid my bills timely and in full.  I have been employed at my current job for the past four years and will continue to be with my current company for the long term.<br>,home_improvement,home imporment,852xx,AZ,14.55,0.0,Jun-10,1.0,,,7.0,0.0,4646,45.5,11.0,f,0.0,0.0,15765.85771,15765.86,15000.0,765.86,0.0,0.0,0.0,Jun-14,13748.75,,Dec-15,0.0,,1,INDIVIDUAL,,,,0.0,0.0,31722.0,,,,,,,,,,,,15200.0,,,,0
54362,9227776,11049726,6000,6000,6000.0, 36 months,15.61,209.79,C,C3,Correctional Officer,10+ years,MORTGAGE,80000.0,Source Verified,Dec-13,Charged Off,n,https://www.lendingclub.com/browse/loanDetail.action?loan_id=9227776,"  Borrower added on 12/01/13 > I owe 3000 on my truck, I need a very expensive repair on it. Id rather pay it off and repair it, rather than buy a new truck.<br><br> Borrower added on 12/01/13 > I need a dependable vehicle<br>",car,I need a dependable vehicle.,622xx,IL,20.09,0.0,Jul-98,2.0,55.0,,10.0,0.0,6162,48.9,35.0,f,0.0,0.0,3288.49,3288.49,2495.76,777.73,15.0,0.0,0.0,Dec-14,1070.0,,Jan-16,0.0,55.0,1,INDIVIDUAL,,,,0.0,0.0,171915.0,,,,,,,,,,,,12600.0,,,,1
227378,1118249,1355695,4000,4000,4000.0, 36 months,10.65,130.3,B,B2,,5 years,RENT,37000.0,Not Verified,Feb-12,Fully Paid,n,https://www.lendingclub.com/browse/loanDetail.action?loan_id=1118249,  Borrower added on 01/25/12 > Working hard to reduce debt owed and pay it off.  Thanks for investing in me.<br>,debt_consolidation,Debt Down!!!,392xx,MS,24.42,0.0,Sep-01,1.0,,,12.0,0.0,12019,91.1,24.0,f,0.0,0.0,4687.811683,4687.81,4000.0,687.81,0.0,0.0,0.0,Feb-15,141.23,,Feb-15,0.0,,1,INDIVIDUAL,,,,0.0,,,,,,,,,,,,,,,,,,0
403226,13478450,15530735,3200,3200,3200.0, 36 months,12.99,107.81,B,B5,Executive Assistant,7 years,MORTGAGE,42000.0,Source Verified,Apr-14,Fully Paid,n,https://www.lendingclub.com/browse/loanDetail.action?loan_id=13478450,,credit_card,Credit card refinancing,301xx,GA,18.57,0.0,Oct-04,1.0,30.0,,12.0,0.0,5222,50.2,27.0,w,0.0,0.0,3301.53523,3301.54,3200.0,101.54,0.0,0.0,0.0,Jul-14,3085.92,,Jan-16,0.0,67.0,1,INDIVIDUAL,,,,0.0,0.0,138302.0,,,,,,,,,,,,11400.0,,,,0
366492,19167398,21370068,17000,17000,17000.0, 36 months,9.17,541.95,B,B1,Clinical Manufacturing Senior Associate,10+ years,RENT,98000.0,Not Verified,Jun-14,Fully Paid,n,https://www.lendingclub.com/browse/loanDetail.action?loan_id=19167398,,credit_card,Credit card refinancing,930xx,CA,11.16,0.0,Sep-94,1.0,,,20.0,0.0,28495,48.9,52.0,f,0.0,0.0,18083.99,18083.99,17000.0,1083.99,0.0,0.0,0.0,Mar-15,13748.39,,Mar-15,0.0,,1,INDIVIDUAL,,,,0.0,0.0,46823.0,,,,,,,,,,,,58300.0,,,,0
7343,883917,1094563,3600,3600,3600.0, 60 months,16.77,89.03,D,D2,engineers outlet,10+ years,MORTGAGE,37000.0,Source Verified,Sep-11,Fully Paid,n,https://www.lendingclub.com/browse/loanDetail.action?loan_id=883917,,debt_consolidation,Debt Consolidation,200xx,DC,13.23,0.0,Sep-01,2.0,,,5.0,0.0,6196,65.2,8.0,f,0.0,0.0,4670.14,4670.14,3600.0,1070.14,0.0,0.0,0.0,Nov-13,2547.4,,Jan-16,0.0,,1,INDIVIDUAL,,,,0.0,,,,,,,,,,,,,,,,,,0
93203,7069812,8731828,24000,24000,24000.0, 36 months,6.03,730.46,A,A1,USAF,10+ years,OWN,125000.0,Verified,Sep-13,Fully Paid,n,https://www.lendingclub.com/browse/loanDetail.action?loan_id=7069812,"  Borrower added on 09/05/13 > Replaced 2 Air conditioners in my house for 15000 and owe about 10000 in credit card payments. Planning to pay off early, ~24 months.<br>",home_improvement,Home improvement,360xx,AL,19.57,0.0,Sep-93,1.0,,,10.0,0.0,10795,0.0,41.0,f,0.0,0.0,25403.53716,25403.54,24000.0,1403.54,0.0,0.0,0.0,Nov-14,15909.5,,Nov-14,0.0,,1,INDIVIDUAL,,,,0.0,0.0,777321.0,,,,,,,,,,,,68500.0,,,,0
376094,16902611,19025149,7000,7000,7000.0, 36 months,14.49,240.92,C,C4,Project Manager,7 years,RENT,65000.0,Not Verified,Jun-14,Fully Paid,n,https://www.lendingclub.com/browse/loanDetail.action?loan_id=16902611,,debt_consolidation,Debt consolidation,731xx,OK,26.33,0.0,Aug-04,4.0,,30.0,14.0,1.0,5380,47.0,32.0,w,0.0,0.0,7809.14,7809.14,7000.0,809.14,0.0,0.0,0.0,Apr-15,5640.86,,Nov-15,0.0,27.0,1,INDIVIDUAL,,,,0.0,0.0,40585.0,,,,,,,,,,,,11400.0,,,,0
432736,12498517,14510626,14000,14000,14000.0, 36 months,11.99,464.94,B,B3,Police Officer,3 years,MORTGAGE,48000.0,Source Verified,Mar-14,Fully Paid,n,https://www.lendingclub.com/browse/loanDetail.action?loan_id=12498517,,credit_card,Credit card refinancing,566xx,MN,17.48,0.0,Jan-03,0.0,,73.0,13.0,3.0,12346,95.0,24.0,w,0.0,0.0,15690.25,15690.25,14000.0,1690.25,0.0,0.0,0.0,May-15,9646.03,,Jan-16,0.0,,1,INDIVIDUAL,,,,0.0,0.0,168191.0,,,,,,,,,,,,13000.0,,,,0
200694,1500787,1761761,11100,11100,11100.0, 36 months,13.11,374.6,B,B4,Piini Reality,10+ years,RENT,33336.0,Not Verified,Sep-12,Charged Off,n,https://www.lendingclub.com/browse/loanDetail.action?loan_id=1500787,,debt_consolidation,credit card payoff,939xx,CA,21.71,0.0,Aug-98,0.0,,,8.0,0.0,19388,56.0,22.0,f,0.0,0.0,6933.68,6933.68,4302.01,1682.4,0.0,949.27,9.492700002,Feb-14,369.69,,Jun-14,0.0,,1,INDIVIDUAL,,,,0.0,0.0,19388.0,,,,,,,,,,,,34600.0,,,,1
200501,1502991,1764294,7500,7500,7500.0, 36 months,13.11,253.11,B,B4,National Park Service,2 years,RENT,50000.0,Source Verified,Sep-12,Fully Paid,n,https://www.lendingclub.com/browse/loanDetail.action?loan_id=1502991,"  Borrower added on 08/25/12 > My loan is to pay off my REI visa credit card and to have scheduled payments so I get the card paid off ASAP!<br><br>  Borrower added on 09/03/12 > I had major dental surgery in early May, and had to pay upfront, so I used my credit card for numerous purchases.... want to get it paid off ASAP.<br>",credit_card,The Loan,821xx,WY,15.46,0.0,Nov-94,1.0,53.0,,5.0,0.0,9248,54.7,13.0,f,0.0,0.0,8573.87,8573.87,7500.0,1073.87,0.0,0.0,0.0,Jan-14,4781.65,,Apr-14,0.0,,1,INDIVIDUAL,,,,0.0,0.0,26503.0,,,,,,,,,,,,16900.0,,,,0
70446,8565988,10318070,12000,12000,12000.0, 36 months,13.67,408.22,B,B5,Branch Manager,9 years,MORTGAGE,72000.0,Verified,Oct-13,Fully Paid,n,https://www.lendingclub.com/browse/loanDetail.action?loan_id=8565988,,debt_consolidation,CC Consolidation,604xx,IL,9.72,0.0,Jul-02,1.0,81.0,67.0,11.0,1.0,10283,57.8,29.0,f,0.0,0.0,13004.8552,13004.86,12000.0,1004.86,0.0,0.0,0.0,Jul-14,10147.74,,Jan-16,0.0,81.0,1,INDIVIDUAL,,,,0.0,0.0,121998.0,,,,,,,,,,,,17800.0,,,,0
209525,1390428,1637217,4500,4500,4500.0, 36 months,17.27,161.05,C,C5,Bank of Little Rock,2 years,RENT,15000.0,Source Verified,Jul-12,Fully Paid,n,https://www.lendingclub.com/browse/loanDetail.action?loan_id=1390428,  Borrower added on 07/02/12 > To roll all my credit card debt into one monthly payment<br>,debt_consolidation,Consolidation,722xx,AR,17.85,0.0,Nov-98,1.0,28.0,,23.0,0.0,6598,41.8,34.0,f,0.0,0.0,5444.753039,5444.75,4500.0,944.75,0.0,0.0,0.0,Apr-14,702.79,,Apr-14,0.0,,1,INDIVIDUAL,,,,0.0,,,,,,,,,,,,,,,,,,0
418417,13108159,15130321,10225,10225,10225.0, 36 months,16.59,362.47,D,D1,territory manager,< 1 year,MORTGAGE,50000.0,Source Verified,Apr-14,Fully Paid,n,https://www.lendingclub.com/browse/loanDetail.action?loan_id=13108159,,debt_consolidation,Debt consolidation,975xx,OR,28.32,0.0,Feb-02,0.0,,,13.0,0.0,24074,68.0,20.0,w,0.0,0.0,11267.8856,11267.89,10225.0,1042.89,0.0,0.0,0.0,Dec-14,8730.6,,Sep-15,0.0,,1,INDIVIDUAL,,,,0.0,0.0,242362.0,,,,,,,,,,,,35400.0,,,,0
74861,8116220,9858292,15000,15000,15000.0, 60 months,17.76,378.95,D,D1,Community Planning Representative,10+ years,MORTGAGE,90482.0,Verified,Oct-13,Charged Off,n,https://www.lendingclub.com/browse/loanDetail.action?loan_id=8116220,,debt_consolidation,Debt Free,604xx,IL,17.84,0.0,Jun-00,0.0,38.0,40.0,13.0,1.0,12957,44.8,27.0,f,0.0,0.0,6062.84,6062.84,2810.0,3252.84,0.0,0.0,0.0,Feb-15,378.95,,Jan-16,0.0,38.0,1,INDIVIDUAL,,,,0.0,0.0,257899.0,,,,,,,,,,,,28900.0,,,,1
410668,14377918,16440311,17100,17100,17100.0, 36 months,12.99,576.09,B,B5,Business Analyst,3 years,MORTGAGE,62000.0,Source Verified,Apr-14,Fully Paid,n,https://www.lendingclub.com/browse/loanDetail.action?loan_id=14377918,,home_improvement,Home improvement,762xx,TX,8.94,2.0,Feb-02,0.0,20.0,,8.0,0.0,3102,19.4,26.0,f,0.0,0.0,19200.72,19200.72,17100.0,2100.72,0.0,0.0,0.0,May-15,12287.64,,Jan-16,0.0,21.0,1,INDIVIDUAL,,,,0.0,0.0,176162.0,,,,,,,,,,,,16000.0,,,,0
268428,32279870,34893180,4200,4200,4200.0, 36 months,16.29,148.27,D,D2,Assembler,10+ years,RENT,32000.0,Not Verified,Oct-14,Fully Paid,n,https://www.lendingclub.com/browse/loanDetail.action?loan_id=32279870,,moving,Moving and relocation,434xx,OH,22.43,0.0,Oct-03,1.0,,,4.0,0.0,5615,44.9,19.0,f,0.0,0.0,4521.02,4521.02,4200.0,321.02,0.0,0.0,0.0,Apr-15,3783.47,,Apr-15,0.0,,1,INDIVIDUAL,,,,0.0,0.0,20742.0,,,,,,,,,,,,12500.0,,,,0
79297,7666154,9348235,9150,9150,9150.0, 36 months,10.99,299.52,B,B2,Assistant Cheif Engineering,2 years,MORTGAGE,35000.0,Verified,Oct-13,Fully Paid,n,https://www.lendingclub.com/browse/loanDetail.action?loan_id=7666154,,debt_consolidation,Debt Consolidation,301xx,GA,24.51,0.0,Jun-00,1.0,77.0,,10.0,0.0,14903,54.0,31.0,f,0.0,0.0,9959.339089,9959.34,9150.0,809.34,0.0,0.0,0.0,Oct-14,6966.86,,Jan-16,0.0,,1,INDIVIDUAL,,,,0.0,232.0,120781.0,,,,,,,,,,,,27600.0,,,,0
15108,755141,954931,6000,6000,6000.0, 36 months,5.99,182.51,A,A2,fox tv studios,3 years,MORTGAGE,80000.0,Verified,May-11,Fully Paid,n,https://www.lendingclub.com/browse/loanDetail.action?loan_id=755141,,debt_consolidation,Debt Consolidation 2011,907xx,CA,13.37,0.0,Apr-85,0.0,,,20.0,0.0,13244,31.4,32.0,f,0.0,0.0,6435.27,6435.27,6000.0,435.27,0.0,0.0,0.0,Jan-13,3151.43,,Feb-13,0.0,,1,INDIVIDUAL,,,,0.0,,,,,,,,,,,,,,,,,,0
338574,22372455,24705283,15000,15000,15000.0, 36 months,14.49,516.25,C,C4,Field Mechanic ,10+ years,RENT,85000.0,Verified,Jul-14,Fully Paid,n,https://www.lendingclub.com/browse/loanDetail.action?loan_id=22372455,,credit_card,Credit card refinancing,087xx,NJ,18.81,1.0,Aug-92,4.0,2.0,,10.0,0.0,7059,76.7,25.0,w,0.0,0.0,17475.75,17475.75,15000.0,2475.75,0.0,0.0,0.0,Nov-15,9732.0,,Dec-15,0.0,2.0,1,INDIVIDUAL,,,,1.0,0.0,41958.0,,,,,,,,,,,,9200.0,,,,0
